ticker,rows,features,sequences,status
RELIANCE.NS,1676,41,1616,OK
TCS.NS,1676,41,1616,OK
HDFCBANK.NS,1676,41,1616,OK
INFY.NS,1676,41,1616,OK
ICICIBANK.NS,1676,41,1616,OK
HINDUNILVR.NS,1676,41,1616,OK
SBIN.NS,1676,41,1616,OK
BHARTIARTL.NS,1676,41,1616,OK
KOTAKBANK.NS,1676,41,1616,OK
ITC.NS,1676,41,1616,OK
LT.NS,1676,41,1616,OK
AXISBANK.NS,1676,41,1616,OK
ASIANPAINT.NS,1676,41,1616,OK
MARUTI.NS,1676,41,1616,OK
TITAN.NS,1676,41,1616,OK
SUNPHARMA.NS,1676,41,1616,OK
BAJFINANCE.NS,1676,41,1616,OK
HCLTECH.NS,1676,41,1616,OK
WIPRO.NS,1676,41,1616,OK
ULTRACEMCO.NS,1676,41,1616,OK
POWERGRID.NS,1676,41,1616,OK
NTPC.NS,1676,41,1616,OK
ONGC.NS,1676,41,1616,OK
JSWSTEEL.NS,1672,41,1612,OK
TATASTEEL.NS,1676,41,1616,OK
ADANIENT.NS,1676,41,1616,OK
ADANIPORTS.NS,1676,41,1616,OK
COALINDIA.NS,1676,41,1616,OK
DIVISLAB.NS,1676,41,1616,OK
DRREDDY.NS,1676,41,1616,OK
EICHERMOT.NS,1676,41,1616,OK
CIPLA.NS,1676,41,1616,OK
GRASIM.NS,1676,41,1616,OK
HEROMOTOCO.NS,1676,41,1616,OK
BAJAJFINSV.NS,1676,41,1616,OK
BAJAJ-AUTO.NS,1675,41,1615,OK
BPCL.NS,1676,41,1616,OK
BRITANNIA.NS,1672,41,1612,OK
HINDALCO.NS,1676,41,1616,OK
INDUSINDBK.NS,1676,41,1616,OK
NESTLEIND.NS,1676,41,1616,OK
SBILIFE.NS,1676,41,1616,OK
TECHM.NS,1676,41,1616,OK
TATACONSUM.NS,1676,41,1616,OK
APOLLOHOSP.NS,1676,41,1616,OK
HDFCLIFE.NS,1676,41,1616,OK
LTIM.NS,1673,41,1613,OK
TRENT.NS,1676,41,1616,OK
SHRIRAMFIN.NS,1675,41,1615,OK
ABB.NS,1676,41,1616,OK
AMBUJACEM.NS,1676,41,1616,OK
AUROPHARMA.NS,1676,41,1616,OK
BANDHANBNK.NS,1618,41,1558,OK
BERGEPAINT.NS,1676,41,1616,OK
CHOLAFIN.NS,1676,41,1616,OK
COLPAL.NS,1676,41,1616,OK
DABUR.NS,1676,41,1616,OK
DLF.NS,1671,41,1611,OK
GODREJCP.NS,1676,41,1616,OK
HAVELLS.NS,1676,41,1616,OK
IRCTC.NS,1241,41,1181,OK
LUPIN.NS,1676,41,1616,OK
MUTHOOTFIN.NS,1676,41,1616,OK
NAUKRI.NS,1676,41,1616,OK
OFSS.NS,1676,41,1616,OK
PIDILITIND.NS,1676,41,1616,OK
POLYCAB.NS,1354,41,1294,OK
RECLTD.NS,1676,41,1616,OK
SIEMENS.NS,1676,41,1616,OK
VEDL.NS,1676,41,1616,OK
VOLTAS.NS,1676,41,1616,OK
YESBANK.NS,1676,41,1616,OK
INDIGO.NS,1676,41,1616,OK
MPHASIS.NS,1676,41,1616,OK
PERSISTENT.NS,1676,41,1616,OK
LTTS.NS,1676,41,1616,OK
COFORGE.NS,1676,41,1616,OK
FEDERALBNK.NS,1676,41,1616,OK
TVSMOTOR.NS,1676,41,1616,OK
